{
  "Working Directory" : "\/Users\/eriksape",
  "Prompt Before Closing 2" : false,
  "Selected Text Color" : {
    "Green Component" : 0.23922491073608398,
    "Blue Component" : 0.23922896385192871,
    "Red Component" : 0.23923206329345703
  },
  "Rows" : 50,
  "Ansi 11 Color" : {
    "Green Component" : 0.91622048616409302,
    "Blue Component" : 0.18199658393859863,
    "Red Component" : 0.99857872724533081
  },
  "Use Italic Font" : false,
  "Foreground Color" : {
    "Green Component" : 0.89727580547332764,
    "Blue Component" : 0.89729100465774536,
    "Red Component" : 0.89730262756347656
  },
  "Right Option Key Sends" : 0,
  "Character Encoding" : 4,
  "Selection Color" : {
    "Green Component" : 0.87323933839797974,
    "Blue Component" : 0.87325412034988403,
    "Red Component" : 0.87326544523239136
  },
  "Mouse Reporting" : true,
  "Ansi 4 Color" : {
    "Green Component" : 0.3064875602722168,
    "Blue Component" : 0.69954341650009155,
    "Red Component" : 0.07626015692949295
  },
  "Non-ASCII Anti Aliased" : true,
  "Sync Title" : false,
  "Disable Window Resizing" : true,
  "Description" : "Default",
  "Close Sessions On End" : true,
  "Jobs to Ignore" : [
    "rlogin",
    "ssh",
    "slogin",
    "telnet"
  ],
  "Scrollback Lines" : 1000,
  "Draw Powerline Glyphs" : true,
  "Flashing Bell" : false,
  "Cursor Guide Color" : {
    "Red Component" : 0.70213186740875244,
    "Color Space" : "sRGB",
    "Blue Component" : 1,
    "Alpha Component" : 0.25,
    "Green Component" : 0.9268307089805603
  },
  "BM Growl" : true,
  "AWDS Window Directory" : "",
  "Ansi 3 Color" : {
    "Green Component" : 0.59536725282669067,
    "Blue Component" : 0.11582206189632416,
    "Red Component" : 0.96285504102706909
  },
  "Use Non-ASCII Font" : false,
  "Link Color" : {
    "Red Component" : 0,
    "Color Space" : "sRGB",
    "Blue Component" : 0.73423302173614502,
    "Alpha Component" : 1,
    "Green Component" : 0.35916060209274292
  },
  "Shortcut" : "",
  "Background Image Location" : "",
  "Bold Color" : {
    "Green Component" : 0.078879080712795258,
    "Blue Component" : 0.12038997560739517,
    "Red Component" : 0.718147873878479
  },
  "Use Cursor Guide" : false,
  "Unlimited Scrollback" : false,
  "Custom Command" : "Yes",
  "AWDS Tab Option" : "No",
  "Keyboard Map" : {
    "0xf700-0x260000" : {
      "Text" : "[1;6A",
      "Action" : 10
    },
    "0x37-0x40000" : {
      "Text" : "0x1f",
      "Action" : 11
    },
    "0x32-0x40000" : {
      "Text" : "0x00",
      "Action" : 11
    },
    "0xf709-0x20000" : {
      "Text" : "[17;2~",
      "Action" : 10
    },
    "0xf70c-0x20000" : {
      "Text" : "[20;2~",
      "Action" : 10
    },
    "0xf729-0x20000" : {
      "Text" : "[1;2H",
      "Action" : 10
    },
    "0xf72b-0x40000" : {
      "Text" : "[1;5F",
      "Action" : 10
    },
    "0xf705-0x20000" : {
      "Text" : "[1;2Q",
      "Action" : 10
    },
    "0xf703-0x260000" : {
      "Text" : "[1;6C",
      "Action" : 10
    },
    "0xf700-0x220000" : {
      "Text" : "[1;2A",
      "Action" : 10
    },
    "0xf701-0x280000" : {
      "Text" : "0x1b 0x1b 0x5b 0x42",
      "Action" : 11
    },
    "0x38-0x40000" : {
      "Text" : "0x7f",
      "Action" : 11
    },
    "0x33-0x40000" : {
      "Text" : "0x1b",
      "Action" : 11
    },
    "0xf703-0x220000" : {
      "Text" : "[1;2C",
      "Action" : 10
    },
    "0xf701-0x240000" : {
      "Text" : "[1;5B",
      "Action" : 10
    },
    "0xf70d-0x20000" : {
      "Text" : "[21;2~",
      "Action" : 10
    },
    "0xf702-0x260000" : {
      "Text" : "[1;6D",
      "Action" : 10
    },
    "0xf729-0x40000" : {
      "Text" : "[1;5H",
      "Action" : 10
    },
    "0xf706-0x20000" : {
      "Text" : "[1;2R",
      "Action" : 10
    },
    "0x34-0x40000" : {
      "Text" : "0x1c",
      "Action" : 11
    },
    "0xf700-0x280000" : {
      "Text" : "0x1b 0x1b 0x5b 0x41",
      "Action" : 11
    },
    "0x2d-0x40000" : {
      "Text" : "0x1f",
      "Action" : 11
    },
    "0xf70e-0x20000" : {
      "Text" : "[23;2~",
      "Action" : 10
    },
    "0xf702-0x220000" : {
      "Text" : "[1;2D",
      "Action" : 10
    },
    "0xf703-0x280000" : {
      "Text" : "f",
      "Action" : 10
    },
    "0xf700-0x240000" : {
      "Text" : "[1;5A",
      "Action" : 10
    },
    "0xf707-0x20000" : {
      "Text" : "[1;2S",
      "Action" : 10
    },
    "0xf70a-0x20000" : {
      "Text" : "[18;2~",
      "Action" : 10
    },
    "0x35-0x40000" : {
      "Text" : "0x1d",
      "Action" : 11
    },
    "0xf70f-0x20000" : {
      "Text" : "[24;2~",
      "Action" : 10
    },
    "0xf703-0x240000" : {
      "Text" : "[1;5C",
      "Action" : 10
    },
    "0xf701-0x260000" : {
      "Text" : "[1;6B",
      "Action" : 10
    },
    "0xf702-0x280000" : {
      "Text" : "b",
      "Action" : 10
    },
    "0xf72b-0x20000" : {
      "Text" : "[1;2F",
      "Action" : 10
    },
    "0x36-0x40000" : {
      "Text" : "0x1e",
      "Action" : 11
    },
    "0xf708-0x20000" : {
      "Text" : "[15;2~",
      "Action" : 10
    },
    "0xf701-0x220000" : {
      "Text" : "[1;2B",
      "Action" : 10
    },
    "0xf70b-0x20000" : {
      "Text" : "[19;2~",
      "Action" : 10
    },
    "0xf702-0x240000" : {
      "Text" : "[1;5D",
      "Action" : 10
    },
    "0xf704-0x20000" : {
      "Text" : "[1;2P",
      "Action" : 10
    }
  },
  "Ansi 14 Color" : {
    "Green Component" : 0.73243516683578491,
    "Blue Component" : 0.82006889581680298,
    "Red Component" : 0.14981316030025482
  },
  "Ansi 2 Color" : {
    "Green Component" : 0.4825465977191925,
    "Blue Component" : 0.13958784937858582,
    "Red Component" : 0.27130207419395447
  },
  "Send Code When Idle" : false,
  "ASCII Anti Aliased" : true,
  "Tags" : [

  ],
  "Ansi 9 Color" : {
    "Green Component" : 0.23034398257732391,
    "Blue Component" : 0.24844314157962799,
    "Red Component" : 0.90986210107803345
  },
  "Use Bold Font" : true,
  "Silence Bell" : false,
  "Ansi 12 Color" : {
    "Green Component" : 0.64410710334777832,
    "Blue Component" : 0.95445334911346436,
    "Red Component" : 0.32856267690658569
  },
  "Window Type" : 12,
  "Use Bright Bold" : true,
  "Cursor Text Color" : {
    "Green Component" : 0.87323933839797974,
    "Blue Component" : 0.87325412034988403,
    "Red Component" : 0.87326544523239136
  },
  "Default Bookmark" : "No",
  "Cursor Color" : {
    "Green Component" : 0.6861264705657959,
    "Blue Component" : 0.79186719655990601,
    "Red Component" : 0.086931481957435636
  },
  "Ansi 1 Color" : {
    "Green Component" : 0.078879080712795258,
    "Blue Component" : 0.12038997560739517,
    "Red Component" : 0.718147873878479
  },
  "Name" : "Default",
  "Blinking Cursor" : false,
  "Guid" : "3BFDDE38-D325-4C3D-93E7-76715E6162C5",
  "Idle Code" : 0,
  "Ansi 10 Color" : {
    "Green Component" : 0.73019099235534668,
    "Blue Component" : 0.22740326821804047,
    "Red Component" : 0.47961589694023132
  },
  "Ansi 8 Color" : {
    "Green Component" : 0.25882354378700256,
    "Blue Component" : 0.25882354378700256,
    "Red Component" : 0.25882354378700256
  },
  "Badge Color" : {
    "Red Component" : 1,
    "Color Space" : "sRGB",
    "Blue Component" : 0,
    "Alpha Component" : 0.5,
    "Green Component" : 0.1491314172744751
  },
  "Ambiguous Double Width" : false,
  "Blur Radius" : 2.3041461770304563,
  "Cursor Type" : 0,
  "Ansi 0 Color" : {
    "Green Component" : 0.12941177189350128,
    "Blue Component" : 0.12941177189350128,
    "Red Component" : 0.12941177189350128
  },
  "AWDS Pane Directory" : "",
  "Blur" : true,
  "Vertical Spacing" : 1,
  "Normal Font" : "MesloLGMForPowerline-Regular 12",
  "Ansi 7 Color" : {
    "Green Component" : 0.93607044219970703,
    "Blue Component" : 0.93608629703521729,
    "Red Component" : 0.93609845638275146
  },
  "AWDS Tab Directory" : "",
  "AWDS Pane Option" : "Recycle",
  "Command" : "",
  "Terminal Type" : "xterm-256color",